Full Name,Email,Job Title,City,Contact number
Abagael Poundford,apoundford4t@eepurl.com,Clinical Specialist,Pandacan,511-155-8079
Abbey Nettles,anettles7q@redcross.org,Project Manager,Paco,""
Abby Klousner,aklousner6m@ibm.com,Quality Engineer,Paco,""
Ada Fairman,afairman1y@mapquest.com,Speech Pathologist,San Isidro,632-720-6934
Addison Roycroft,aroycrofto9@biglobe.ne.jp,Senior Sales Associate,Sampaloc,""
Addy Baumber,abaumber4z@google.co.jp,Desktop Support Technician,San Pedro,214-134-5921
Adelice Casero,acaseroc8@ca.gov,Administrative Assistant IV,Lower Bicutan,421-796-1834
Adey Blunn,ablunn8w@webmd.com,Nuclear Power Engineer,Pateros,984-697-6711
Adoree Boater,aboaterj5@amazon.com,GIS Technical Architect,Sampaloc,828-162-5129
Agata Espinha,aespinha7n@shareasale.com,Media Manager IV,Malabon,127-751-9921
Ahmed Drewery,adrewery4n@vkontakte.ru,Senior Editor,Santa Ana,756-725-7478
Aile Boss,abosski@comsenz.com,Internal Auditor,Mandaluyong City,224-101-4409
Aleksandr Prall,aprallkm@icio.us,Computer Systems Analyst III,Sucat,""
Alex Studman,astudmanpc@prweb.com,Dental Hygienist,Caloocan City,553-330-1487
Alfi Tesh,ateshpg@elegantthemes.com,Librarian,Pandacan,861-887-1510
Alina Diggins,adigginsro@weebly.com,Account Coordinator,Canagatan,533-255-6521
Aliza Linnitt,alinnitt7s@smh.com.au,Business Systems Development Analyst,Tondo,125-734-6983
Alonzo Brookz,abrookzds@theguardian.com,Senior Quality Engineer,Pasig City,""
Aloysia Petschel,apetscheln1@e-recht24.de,Occupational Therapist,Quezon City,837-335-7062
Alvira Piercey,apiercey7b@hibu.com,Senior Editor,Quezon City,432-463-8917
Alvis Gabriel,agabriel2f@ameblo.jp,Occupational Therapist,Pandacan,464-931-8124
Alysa Willox,awilloxhb@skype.com,Staff Scientist,San Pedro,267-789-4897
Amabelle Pahler,apahlerbl@foxnews.com,Chemical Engineer,Tondo,""
Amalea Elgey,aelgeyjs@elpais.com,Executive Secretary,Pateros,""
Ameline Bartolijn,abartolijnfc@ed.gov,Junior Executive,Caloocan City,194-333-7200
Andreas Dumphries,adumphriesas@dailymail.co.uk,Human Resources Manager,Caloocan City,300-327-4851
Anett Rannald,arannaldhu@comsenz.com,Pharmacist,Taguig City,890-834-4136
Angele Blincoe,ablincoed@howstuffworks.com,Environmental Specialist,Canagatan,""
Anica Goldsbrough,agoldsbroughon@meetup.com,Research Nurse,Paco,556-507-9211
Annabal Crannach,acrannach2z@surveymonkey.com,Professor,San Juan,595-553-7065
Annabela Prantoni,aprantonipw@weather.com,Occupational Therapist,City of Parañaque,""
Annice Swafield,aswafieldb2@sakura.ne.jp,Financial Advisor,San Pedro,277-696-3554
Annnora Hughes,ahughescz@yellowbook.com,VP Sales,Santamesa,""
Anthia Farnhill,afarnhill5@abc.net.au,VP Quality Control,Sampaloc,815-546-7816
Anthony Deal,adeal1z@forbes.com,Payment Adjustment Coordinator,Davao,""
Antons Berceros,aberceroser@surveymonkey.com,Help Desk Technician,Malabon,""
Ara Antecki,aantecki9l@kickstarter.com,Registered Nurse,Navotas,732-892-1599
Aretha Whitmore,awhitmorepq@linkedin.com,General Manager,Poblacion,""
Aridatha Annis,aannisfr@jigsy.com,Graphic Designer,Santa Cruz,451-952-7819
Arin Ivanchenkov,aivanchenkovew@skyrock.com,Senior Quality Engineer,Tatalon,""
Armin Pethybridge,apethybridge7u@trellian.com,Clinical Specialist,Payatas,""
Arney Elsmore,aelsmore8c@wikispaces.com,Editor,Putatan,""
Art Beaman,abeamann8@163.com,Assistant Manager,Pandacan,""
Ashlee Abby,aabbyfv@virginia.edu,Dental Hygienist,Don Bosco,214-660-7441
Ashlee Golson,agolsonme@dedecms.com,Nurse Practicioner,Pandacan,""
Augustus Gouth,agouth1q@admin.ch,Senior Sales Associate,San Juan,370-338-8316
Auria Topes,atopesii@nps.gov,Senior Developer,Lower Bicutan,939-272-2702
Aurlie Mark,amarkfz@barnesandnoble.com,Research Associate,Tondo,676-621-7003
Austin Pegg,apeggj@whitehouse.gov,Payment Adjustment Coordinator,San Andres,610-500-9217
Averil Pattillo,apattilloik@netlog.com,VP Product Management,Sampaloc,""
Ayn Colley,acolleycr@odnoklassniki.ru,Community Outreach Specialist,Western Bicutan,464-540-6128
Bank Howel,bhowelge@japanpost.jp,Engineer IV,Lower Bicutan,""
Bari Dobbin,bdobbin88@livejournal.com,Community Outreach Specialist,Mandaluyong City,""
Barnabas Fordy,bfordy19@ucsd.edu,Account Executive,Paco,""
Bartholemy Tribe,btribeh4@businessweek.com,Food Chemist,Lower Bicutan,""
Bartholomeus Pisculli,bpiscullif7@nps.gov,VP Quality Control,Rosario,""
Bartolemo Duigenan,bduigenan93@biglobe.ne.jp,Paralegal,Putatan,941-467-6714
Basilio Amner,bamnermj@yellowbook.com,Occupational Therapist,Quezon City,""
Bebe Shayes,bshayescf@mapquest.com,Web Developer I,Tondo,""
Beitris Gerran,bgerranap@amazonaws.com,Programmer II,San Pedro,340-247-5314
Bendite Cowey,bcoweygg@sogou.com,Administrative Assistant II,San Juan,397-932-7751
Bentlee Rosone,brosonet@blogtalkradio.com,VP Marketing,San Juan,""
Bernie Culley,bculley3r@gov.uk,Account Executive,San Andres,767-881-9507
Berny Bleue,bbleue86@archive.org,General Manager,Western Bicutan,829-911-6036
Bess Sidary,bsidary5c@adobe.com,Mechanical Systems Engineer,Zamboanga City,""
Bette Aldington,baldington9i@artisteer.com,Recruiter,Bacoor,141-903-5807
Beulah Yegorev,byegorev1w@gmpg.org,Geological Engineer,Pandacan,923-532-9410
Bill Sergant,bsergant9k@skyrock.com,Software Engineer II,Pateros,""
Birgitta Wooder,bwooderb4@biblegateway.com,Geological Engineer,Bagong Silangan,371-464-7895
Bogart Lickorish,blickorishmv@answers.com,Chemical Engineer,General Mariano Alvarez,304-163-3598
Bord Kenshole,bkensholeep@gmpg.org,Office Assistant I,San Isidro,""
Bordy Campa,bcampa4l@google.co.uk,Administrative Assistant II,Quezon City,754-657-7636
Boris Rennolds,brennoldsqf@kickstarter.com,Biostatistician I,Lower Bicutan,495-460-0365
Brandyn Devlin,bdevlinjb@histats.com,Quality Control Specialist,Pasig City,717-183-2354
Brena Lennarde,blennarderc@behance.net,Software Test Engineer IV,City of Parañaque,355-763-4773
Briana Stiant,bstiantkq@creativecommons.org,Recruiting Manager,Poblacion,953-960-9888
Brier Normanvell,bnormanvellc4@tinypic.com,VP Accounting,Bacoor,""
Brockie Cheke,bcheke1x@soundcloud.com,Professor,Tatalon,""
Bryna Siaspinski,bsiaspinski7t@earthlink.net,Financial Analyst,Quezon City,""
Buiron Witherop,bwitherop44@upenn.edu,Software Consultant,Zamboanga City,384-732-0781
Burnaby Penhalewick,bpenhalewick3w@unesco.org,Geologist I,Las Piñas City,443-564-7561
Burtie Michal,bmichal5t@lycos.com,Information Systems Manager,Banco Filipino International Village,523-572-2549
Caitlin Luther,cluthercj@ihg.com,Speech Pathologist,Bagong Silangan,836-363-8441
Callean Adamkiewicz,cadamkiewiczo5@umich.edu,VP Product Management,Sampaloc,219-276-2767
Calvin Matysiak,cmatysiak7g@google.ru,Research Associate,Western Bicutan,129-598-4773
Cammy Skirlin,cskirlinpn@simplemachines.org,Professor,Valenzuela,""
Caria Shobbrook,cshobbrookoi@shop-pro.jp,Occupational Therapist,Banco Filipino International Village,""
Carilyn Grumley,cgrumleylq@geocities.com,Nurse,Navotas,824-521-3387
Carita Brinsden,cbrinsdence@techcrunch.com,Chief Design Engineer,Santa Ana,""
Carlie Johnes,cjohnes37@multiply.com,Assistant Professor,Don Bosco,""
Carlo Bredgeland,cbredgelandef@hhs.gov,Associate Professor,Tatalon,""
Carmella Lacaze,clacazegh@smh.com.au,Administrative Assistant IV,Taguig City,772-446-9488
Carmine Oboy,coboynt@fotki.com,Media Manager III,Don Bosco,709-877-8270
Carol Delnevo,cdelnevo63@hibu.com,Accountant III,San Isidro,""
Carr Bravey,cbravey55@infoseek.co.jp,Office Assistant IV,San Andres,516-662-1110
Carver Jencken,cjenckenrd@wikimedia.org,Assistant Manager,Tondo,""
Cary Muzzini,cmuzzini6s@histats.com,Programmer IV,Davao,733-419-9226
Caryn Tardiff,ctardiff2h@networkadvertising.org,Human Resources Assistant III,Pateros,616-441-1983
Casey Purser,cpurser1i@berkeley.edu,Human Resources Manager,Putatan,""
Cassandra Flood,cfloodhk@squarespace.com,Nuclear Power Engineer,Manila,""
Cassey McCallam,cmccallam5s@ehow.com,Marketing Manager,Putatan,""
Cathe Ciccarello,cciccarello78@indiatimes.com,Pharmacist,City of Parañaque,""
Cathrine Carlyon,ccarlyoniw@kickstarter.com,Desktop Support Technician,Santa Cruz,""
Cathy Steenson,csteensonij@rambler.ru,Geologist III,Zamboanga City,616-966-7165
Catie Neesam,cneesamda@simplemachines.org,Nurse Practicioner,Sampaloc,""
Catrina Lathleiff,clathleiff2o@hibu.com,Biostatistician IV,Pasay City,""
Chalmers Vandenhoff,cvandenhofffw@imageshack.us,Software Test Engineer III,Santa Cruz,""
Chandler Tanzer,ctanzer8e@techcrunch.com,Quality Control Specialist,Caloocan City,""
Chantalle Smallshaw,csmallshawiv@ucoz.com,Assistant Manager,San Isidro,""
Charity Oglethorpe,coglethorpel1@bigcartel.com,Librarian,Quezon City,""
Charlotta Kenright,ckenrightkv@infoseek.co.jp,Office Assistant IV,General Mariano Alvarez,""
Charmian Filippozzi,cfilippozzi6l@zdnet.com,Paralegal,Pasay City,""
Cherie Steedman,csteedmand6@phpbb.com,Administrative Assistant I,Las Piñas City,952-596-8068
Cheslie Wayper,cwayperhl@cnn.com,Programmer II,Putatan,""
Chevalier Pearle,cpearleq5@over-blog.com,Nurse Practicioner,Banco Filipino International Village,104-145-6516
Chrissie Guierre,cguierreit@tiny.cc,Sales Representative,Don Bosco,469-609-0592
Christabella Padberry,cpadberry6w@ebay.co.uk,Executive Secretary,San Juan,""
Christabella Patemore,cpatemoreld@shareasale.com,Geological Engineer,Valenzuela,819-407-0424
Christen Crighton,ccrighton8a@dailymotion.com,Actuary,Pasig City,687-131-3277
Christoffer Balding,cbaldingjt@oaic.gov.au,Chief Design Engineer,San Pedro,443-485-0901
Christophe Pay,cpaykb@java.com,Structural Engineer,Malabon,406-577-0563
Chuck Dowdney,cdowdneynp@domainmarket.com,Graphic Designer,City of Parañaque,460-977-3774
Clarinda Vaar,cvaarnl@gravatar.com,Nurse Practicioner,Quezon City,""
Clarke Merida,cmeridajl@google.com.br,Systems Administrator III,San Pedro,""
Claudelle Jennick,cjennickpa@bloomberg.com,Pharmacist,Caloocan City,361-228-7127
Clerkclaude Allsopp,callsoppch@va.gov,Operator,Payatas,691-231-1814
Codi Haughey,chaugheymc@sogou.com,Human Resources Assistant III,Davao,640-937-0526
Colleen Angrave,cangraveiy@ucoz.ru,Design Engineer,Pasay City,177-366-5141
Collette Persence,cpersence2p@people.com.cn,Human Resources Manager,San Antonio,104-840-9842
Colly Yerlett,cyerlettm7@latimes.com,Programmer IV,Navotas,712-688-7733
Corissa Fairbard,cfairbard47@icq.com,Design Engineer,Tatalon,508-112-8683
Cornela Spearett,cspearett3u@printfriendly.com,Computer Systems Analyst III,Pandacan,""
Cornie Joao,cjoao18@aboutads.info,Information Systems Manager,Mandaluyong City,""
Corrina Honywill,chonywill8h@bizjournals.com,Tax Accountant,Bacoor,747-306-9566
Corrine Shurville,cshurville3b@noaa.gov,Food Chemist,Poblacion,""
Cull Merveille,cmerveillef@shutterfly.com,Health Coach III,San Andres,""
Cull Renad,crenadfo@nih.gov,Administrative Officer,Putatan,734-828-5080
Cullie Surpliss,csurplisscb@typepad.com,Help Desk Technician,Sucat,296-358-6044
Damaris Maidment,dmaidmentke@so-net.ne.jp,Analog Circuit Design manager,Don Bosco,858-884-1898
Damian Denington,ddeningtonn@google.de,Budget/Accounting Analyst I,Don Bosco,""
Dane Bulman,dbulman5w@over-blog.com,Developer II,Payatas,""
Dania Rubinlicht,drubinlicht8o@ucla.edu,GIS Technical Architect,San Pedro,""
Darb Struijs,dstruijshh@seattletimes.com,Account Coordinator,San Juan,704-339-1173
Darlleen Deary,ddeary94@sfgate.com,Teacher,Rosario,319-911-4090
Darrell Lindsey,dlindsey8y@state.gov,Biostatistician I,Sampaloc,""
Darya Olenchikov,dolenchikovqc@earthlink.net,Analog Circuit Design manager,Canagatan,""
Dasha Sinott,dsinott23@seattletimes.com,Assistant Professor,Don Bosco,""
Davida Crafter,dcrafterha@exblog.jp,Payment Adjustment Coordinator,Valenzuela,481-167-2110
Debora Bolver,dbolverey@yolasite.com,Analyst Programmer,Malabon,799-305-5008
Dee dee Creavan,dcreavankt@digg.com,Clinical Specialist,Zamboanga City,170-313-8127
Deeanne Ballantyne,dballantyneks@slate.com,Recruiting Manager,Quezon City,""
Deedee Halhead,dhalheadoe@weebly.com,Pharmacist,Don Bosco,889-226-4960
Del Ratt,dratt5h@ca.gov,Graphic Designer,Malabon,""
Delaney Sampey,dsampey4m@reddit.com,Research Associate,San Antonio,130-926-6230
Demott Redgewell,dredgewell4h@drupal.org,Software Engineer II,Valenzuela,""
Denice Luscott,dluscottdd@yolasite.com,Analyst Programmer,Paco,""
Dennis Vickarman,dvickarmaneh@archive.org,Web Designer IV,Malate,""
Denny Duley,dduley7h@kickstarter.com,Web Designer I,Pandacan,""
Derick Woodnutt,dwoodnuttcp@oracle.com,Account Representative I,Taguig City,698-738-0992
Desiri Loade,dloadeo2@uiuc.edu,Business Systems Development Analyst,Caloocan City,""
Desmond Crisp,dcrisp75@istockphoto.com,Health Coach I,Davao,107-843-2312
Devonna Garr,dgarrg0@youtube.com,Chemical Engineer,Pateros,833-227-9834
Dex Le Fevre,dlefevre2m@ucoz.ru,Mechanical Systems Engineer,Rosario,286-458-5190
Diane-marie Valentine,dvalentinecy@shop-pro.jp,Analog Circuit Design manager,Pasig City,573-407-9370
Diarmid Leathley,dleathleyip@ted.com,Community Outreach Specialist,Santa Ana,830-842-2161
Dilan McPhelimey,dmcphelimey3h@g.co,Account Representative I,Pandacan,539-910-0217
Dom Pleavin,dpleavinde@mediafire.com,Civil Engineer,Canagatan,""
Dominic Dobby,ddobby5a@examiner.com,Assistant Media Planner,Pandacan,403-216-4551
Dorella Kentish,dkentishmt@t.co,Compensation Analyst,Sampaloc,831-301-1908
Dorry Ashborn,dashborna1@ft.com,Sales Representative,Payatas,155-289-7022
Dotti Wybron,dwybronc9@weibo.com,Account Executive,Pateros,221-980-7861
Drona Issitt,dissittjp@salon.com,Administrative Assistant IV,General Mariano Alvarez,698-491-2859
Durante Riste,driste33@smugmug.com,Media Manager IV,Las Piñas City,787-417-7030
Eada Parsall,eparsallez@youtube.com,Payment Adjustment Coordinator,San Juan,""
Eda Marxsen,emarxsenho@webs.com,Mechanical Systems Engineer,Pasig City,""
Edan Costi,ecosti5p@ed.gov,Chemical Engineer,San Antonio,""
El Bramsen,ebramsenc3@geocities.com,Electrical Engineer,Don Bosco,""
Eldredge Madigan,emadigank1@bing.com,Research Nurse,Santa Cruz,""
Eldredge Supple,esupplef3@php.net,VP Product Management,Manila,""
Elenore Rewan,erewanmp@rediff.com,Account Representative IV,Don Bosco,""
Elissa Sudworth,esudworthjr@ow.ly,Civil Engineer,Tondo,848-470-1475
Elizabet Betterton,ebettertonk@deviantart.com,Editor,San Isidro,238-724-4918
Elliott Emig,eemigrm@creativecommons.org,Desktop Support Technician,San Isidro,377-474-0635
Ellyn Evequot,eevequot4s@disqus.com,Administrative Officer,Manila,412-785-7052
Elsbeth Luxon,eluxon84@princeton.edu,General Manager,Don Bosco,508-949-6519
Emanuel Lippett,elippett6z@flickr.com,Assistant Media Planner,Poblacion,840-861-2490
Emelen Hyder,ehydera3@oracle.com,Staff Scientist,Putatan,993-151-3169
Emilie Aloigi,ealoigi6a@yellowpages.com,Developer IV,Tatalon,""
Emlynn Penella,epenella4c@wikia.com,Senior Sales Associate,Don Bosco,649-226-4928
Emmey Latchford,elatchfordrg@typepad.com,Product Engineer,Mandaluyong City,216-381-2207
Emmie Borborough,eborborough5b@nsw.gov.au,Professor,Caloocan City,679-945-6901
Erhard Willimott,ewillimottpu@vinaora.com,Chemical Engineer,Paco,468-449-5477
Erina Bealing,ebealinglh@sitemeter.com,Editor,Manila,592-529-3561
Estell Gerwood,egerwoodx@sciencedirect.com,Database Administrator III,Payatas,""
Estrella Rutley,erutleyae@diigo.com,Senior Quality Engineer,Quezon City,381-717-0018
Ethelin Robinet,erobineto4@theglobeandmail.com,Associate Professor,Payatas,792-870-8234
Ethelyn Poor,epoor9o@hao123.com,Account Executive,San Juan,459-514-3971
Etti Liddell,eliddellbb@usnews.com,Graphic Designer,Pandacan,330-282-4712
Evanne Delcastel,edelcastel6r@topsy.com,Sales Associate,Sampaloc,""
Eyde Redparth,eredparth2d@plala.or.jp,Structural Engineer,San Pedro,""
Fania Beslier,fbeslierb8@meetup.com,Speech Pathologist,San Antonio,""
Farlay Gilder,fgilderf2@instagram.com,Safety Technician III,Santa Cruz,358-746-4263
Fayina Dewfall,fdewfallm6@dropbox.com,Legal Assistant,Bagong Silangan,382-716-8296
Fayth Lempertz,flempertzah@pagesperso-orange.fr,Staff Accountant IV,Mandaluyong City,""
Fayth Lugg,flugg99@vkontakte.ru,Director of Sales,Paco,""
Ferris Voas,fvoasji@uiuc.edu,Product Engineer,Bacoor,810-508-2244
Fidole Mealand,fmealand34@cmu.edu,VP Accounting,Bagong Silangan,""
Flossi Turpey,fturpey6v@nymag.com,Registered Nurse,Lower Bicutan,426-398-5642
Forrester Baggarley,fbaggarleyem@feedburner.com,Assistant Manager,Bacoor,164-921-0754
Fowler Riddles,friddlesk4@parallels.com,Analog Circuit Design manager,Las Piñas City,453-680-3532
Francklin Bennit,fbennitej@youku.com,General Manager,San Pedro,""
Francyne Hammill,fhammillev@harvard.edu,Nurse,Caloocan City,425-639-1134
Frank Farrans,ffarransrf@tamu.edu,Electrical Engineer,Paco,900-612-9708
Franky Whitters,fwhitterse9@soup.io,Senior Editor,Sampaloc,631-649-5517
Frannie Alberti,falbertict@nytimes.com,Community Outreach Specialist,Caloocan City,""
Frants Mixon,fmixonmf@comcast.net,Clinical Specialist,San Pedro,""
Fredia Gernier,fgernier96@wsj.com,Junior Executive,Caloocan City,299-447-5586
Friederike Lugden,flugdenl4@bing.com,Marketing Manager,Paco,762-559-5558
Gabi Lewty,glewtyh2@dell.com,Staff Accountant I,Zamboanga City,""
Gabi O' Culligan,goculliganoc@dyndns.org,Occupational Therapist,Malate,165-643-7323
Gabrielle Ogg,gogg9w@dedecms.com,Administrative Officer,Rosario,193-703-2552
Gabrielle Spender,gspenderhy@zdnet.com,Marketing Manager,Payatas,768-740-6930
Gal Longcaster,glongcaster7r@tinypic.com,Graphic Designer,San Pedro,637-151-8100
Galina Jellybrand,gjellybrandqq@oracle.com,Senior Financial Analyst,Sampaloc,909-734-2344
Garfield Fuentes,gfuentesny@flavors.me,Accountant III,Pateros,""
Garrett Satchell,gsatchellfn@list-manage.com,Business Systems Development Analyst,Paco,159-672-7264
Garrik Coalburn,gcoalburnjh@home.pl,Data Coordinator,Zamboanga City,974-616-6040
Gelya Huntingford,ghuntingfordeo@altervista.org,Assistant Manager,Canagatan,897-378-5439
Geneva McDougle,gmcdougleh1@paypal.com,Sales Representative,Lower Bicutan,744-363-2366
Genny Millhill,gmillhillc@rambler.ru,Operator,Santa Ana,""
Gerhardt Ranger,grangerfa@jimdo.com,Tax Accountant,Paco,""
Giacobo Capstack,gcapstacko1@baidu.com,Senior Developer,Caloocan City,""
Gianina Milson,gmilson9d@list-manage.com,Marketing Manager,Las Piñas City,878-357-1854
Gilbertina Manwell,gmanwellof@tripadvisor.com,Occupational Therapist,City of Parañaque,389-711-2062
Ginger Liccardi,gliccardii7@twitpic.com,Account Executive,Bacoor,252-453-6267
Glen MacKartan,gmackartanns@yandex.ru,Technical Writer,Sampaloc,546-935-8473
Glynis McGairl,gmcgairl8i@goo.ne.jp,Software Engineer IV,San Andres,270-265-0348
Gordan McMurtyr,gmcmurtyrfu@sourceforge.net,Database Administrator III,Malabon,713-972-6667
Gradey Grindall,ggrindall4k@answers.com,Assistant Professor,San Andres,557-201-5425
Gregoor Sowrey,gsowrey6h@usa.gov,Graphic Designer,Sucat,938-475-1988
Gregor Metheringham,gmetheringhamn5@army.mil,Recruiter,Rosario,""
Gunner O'Hannay,gohannaymm@wsj.com,General Manager,San Antonio,318-415-1375
Gussy Meakin,gmeakinf9@squarespace.com,VP Product Management,City of Parañaque,""
Gweneth Goodrick,ggoodrickb@freewebs.com,Software Consultant,Santamesa,322-498-9294
Gwenette Gathwaite,ggathwaitecv@europa.eu,Project Manager,Sampaloc,""
Had Bowick,hbowick8g@bigcartel.com,Engineer III,San Isidro,651-930-4686
Harley Neesham,hneeshamja@newyorker.com,VP Sales,Taguig City,""
Haroun Waber,hwaberb7@theatlantic.com,Product Engineer,City of Parañaque,262-194-5332
Harper Krates,hkrates2q@quantcast.com,Nurse,Bacoor,727-712-5582
Hasheem Klaaassen,hklaaassenft@goo.ne.jp,Research Associate,Pandacan,""
Helen O'Gaven,hogavennd@thetimes.co.uk,VP Sales,Lower Bicutan,""
Helsa Brummitt,hbrummittgs@si.edu,Geological Engineer,Las Piñas City,""
Henrietta Scatchar,hscatchar90@imgur.com,Budget/Accounting Analyst II,Las Piñas City,542-790-7873
Heriberto Norwich,hnorwichp2@soup.io,Senior Cost Accountant,Banco Filipino International Village,""
Hermann Hubach,hhubach91@eventbrite.com,Assistant Professor,Pasig City,""
Hermine Giacomucci,hgiacomucciec@hexun.com,Financial Advisor,Mandaluyong City,808-835-9489
Hermon Napolitano,hnapolitanoq0@ca.gov,Recruiting Manager,Payatas,""
Herve Rowswell,hrowswellaj@weebly.com,Human Resources Manager,Davao,165-927-5847
Hewet Shouler,hshoulere@usgs.gov,Research Associate,Quezon City,981-625-0566
Hill Redon,hredonbf@tumblr.com,Computer Systems Analyst II,Caloocan City,""
Homerus Pideon,hpideonai@123-reg.co.uk,VP Sales,Malate,""
Horst Greenlies,hgreenlies7z@cbslocal.com,Biostatistician II,Pandacan,""
Hyacintha Brigham,hbrigham17@usgs.gov,Community Outreach Specialist,Pandacan,433-520-3963
Hyacinthia Gadesby,hgadesbya9@networkadvertising.org,Chemical Engineer,Manila,""
Ike Dayley,idayleyri@washingtonpost.com,Food Chemist,Bacoor,""
Imogene Lambdon,ilambdonq2@spiegel.de,Recruiting Manager,Sucat,934-877-1554
Ingra Bartot,ibartoti8@about.com,Analyst Programmer,Pasig City,681-922-5131
Ingunna Allmann,iallmann25@vimeo.com,Director of Sales,General Mariano Alvarez,751-417-3662
Ira Feary,ifeary9u@narod.ru,Nuclear Power Engineer,Santamesa,553-761-4194
Isabel Knobell,iknobelldp@auda.org.au,Research Associate,San Juan,""
Isabella Causer,icausernh@omniture.com,Clinical Specialist,Malate,898-213-0696
Isidore Furmonger,ifurmongerr7@deviantart.com,Software Test Engineer III,San Isidro,639-288-8000
Jackie Blastock,jblastockgz@yale.edu,Professor,Zamboanga City,""
Jackqueline Rostern,jrosternp8@usgs.gov,Marketing Assistant,Lower Bicutan,""
Jacquenette Edmonston,jedmonstonm4@1und1.de,Biostatistician III,City of Parañaque,103-847-1733
Jada Kennicott,jkennicottac@arizona.edu,Developer III,Sampaloc,811-190-7436
Jakob Kelshaw,jkelshawps@smh.com.au,Quality Engineer,Putatan,""
Jamey Tincey,jtinceygl@ameblo.jp,Sales Associate,Mandaluyong City,997-251-6555
Janela Giddins,jgiddins70@posterous.com,Structural Engineer,San Antonio,""
Jarrid Beadle,jbeadlepf@cbc.ca,Business Systems Development Analyst,Santa Cruz,632-429-4493
Jeddy Greave,jgreave30@usda.gov,Automation Specialist IV,Rosario,520-520-2632
Jehanna Montfort,jmontfort1o@businessinsider.com,Marketing Manager,Western Bicutan,""
Jenni Wadman,jwadmanj7@cafepress.com,Graphic Designer,San Andres,514-722-7232
Jennie Covelle,jcovelle21@google.com.hk,Senior Editor,San Pedro,473-907-1786
Jerald Blaszczak,jblaszczakdn@ebay.co.uk,Teacher,Rosario,""
Jeremiah Tottem,jtottemlw@exblog.jp,Physical Therapy Assistant,Santamesa,384-857-7973
Jerri Ninnis,jninnisdz@unblog.fr,Environmental Specialist,City of Parañaque,580-421-9799
Jerrie Conyer,jconyere6@google.co.uk,Dental Hygienist,Santa Cruz,""
Jessamine Shorrock,jshorrockkl@t-online.de,Community Outreach Specialist,Malabon,389-902-4449
Jessy Pettingall,jpettingalld3@constantcontact.com,Web Developer II,Santa Ana,""
Jillene Mokes,jmokesa@globo.com,GIS Technical Architect,Western Bicutan,163-516-1071
Jim Doman,jdoman7p@amazon.co.jp,Research Nurse,Bagong Silangan,685-293-5461
Joby McLeoid,jmcleoid1s@irs.gov,Research Assistant II,Tondo,""
Johann Medendorp,jmedendorpql@answers.com,Assistant Professor,Malabon,691-285-4793
Johannah Widdocks,jwiddocks4i@va.gov,Office Assistant III,Santa Ana,708-111-7120
Johnnie Jardein,jjardeinm1@mapquest.com,Administrative Assistant II,San Isidro,646-445-9382
Joice Aitken,jaitkenfy@squidoo.com,Human Resources Assistant II,City of Parañaque,944-528-6209
Joletta Tilliards,jtilliards64@ning.com,Recruiting Manager,Lower Bicutan,554-155-5015
Juditha Wateridge,jwateridgenc@miibeian.gov.cn,Recruiter,Malate,614-618-7810
Judye Farnie,jfarniefj@ihg.com,Director of Sales,Lower Bicutan,926-994-7235
Junette Elias,jeliasj9@xinhuanet.com,Systems Administrator II,San Isidro,183-853-9727
Justen Lelievre,jlelievrele@elpais.com,Marketing Assistant,Mandaluyong City,261-142-3177
Justin Kemet,jkemet2w@latimes.com,Teacher,Valenzuela,567-734-3903
Justus Stone,jstonem2@1und1.de,Programmer Analyst III,San Pedro,""
Kaitlyn Snodin,ksnodin72@techcrunch.com,Data Coordinator,Pateros,784-668-6549
Karie McLucas,kmclucasq6@ftc.gov,Chief Design Engineer,Pateros,945-130-2085
Karina Strover,kstrover9p@si.edu,Biostatistician I,Malate,954-298-8301
Karita McCormick,kmccormickb9@theglobeandmail.com,Mechanical Systems Engineer,Taguig City,""
Karlene Melley,kmelley2g@cloudflare.com,Pharmacist,Paco,721-932-2865
Kassey Yoxall,kyoxall9t@google.ru,Senior Quality Engineer,Pasay City,""
Katerina Djurevic,kdjureviccq@cafepress.com,Graphic Designer,Malabon,304-614-8481
Katerine Fowlestone,kfowlestonelo@themeforest.net,Editor,Caloocan City,280-981-8373
Kath Applin,kapplinj2@godaddy.com,Compensation Analyst,Canagatan,""
Katharine Daniau,kdaniauu@barnesandnoble.com,Professor,Las Piñas City,382-237-9830
Katleen Lawerence,klawerence6i@icio.us,Payment Adjustment Coordinator,Navotas,213-292-9571
Katti Clout,kclout4y@webs.com,Account Representative II,Rosario,206-648-8525
Keith Sharer,ksharerpj@va.gov,Recruiter,Pateros,588-793-0834
Kelila Bediss,kbediss14@ft.com,Speech Pathologist,Poblacion,""
Kelila Bloxsum,kbloxsumdi@g.co,Environmental Specialist,Lower Bicutan,""
Kelila Jentgens,kjentgens3z@walmart.com,Administrative Assistant I,Malate,823-889-7261
Kendricks Jarrette,kjarretteng@stumbleupon.com,VP Marketing,Bacoor,""
Ker Ferraraccio,kferraraccioex@prweb.com,Assistant Professor,Sucat,733-491-6315
Kerianne Kun,kkunqg@mapquest.com,Quality Engineer,Quezon City,750-195-5506
Kerianne Ringwood,kringwood5o@theglobeandmail.com,Editor,Don Bosco,""
Kerri Teideman,kteidemanbr@tamu.edu,Internal Auditor,Putatan,""
Kerrie Lant,klantmr@unicef.org,Software Consultant,San Juan,517-118-8020
Kerwin Gillbanks,kgillbanks3l@blogs.com,Chemical Engineer,Payatas,150-620-8786
Kerwinn Burrow,kburrow4u@hao123.com,Speech Pathologist,Tatalon,""
Kiersten Darkins,kdarkinsia@webmd.com,Cost Accountant,Poblacion,""
Kinsley Mc Caghan,kmccaghan57@wikipedia.org,Marketing Assistant,San Isidro,276-268-9890
Kirk Beningfield,kbeningfieldls@fastcompany.com,Account Representative II,Santa Cruz,215-420-6552
Kirstin Janaszewski,kjanaszewskira@phoca.cz,Account Executive,San Andres,""
Kitti Buttler,kbuttler51@newsvine.com,Senior Cost Accountant,Sucat,""
Kory Kenny,kkennyih@oakley.com,Statistician III,Malate,885-715-4006
Kristopher MacGuigan,kmacguiganm0@google.nl,Senior Developer,Malate,""
Krystal Callister,kcallistergq@etsy.com,Desktop Support Technician,Rosario,826-317-1972
Laney Ather,lather4p@deliciousdays.com,Business Systems Development Analyst,Sucat,337-331-7719
Lanita Geerdts,lgeerdtsin@stanford.edu,Payment Adjustment Coordinator,Quezon City,770-229-5807
Lannie Seifenmacher,lseifenmacher8m@liveinternet.ru,Human Resources Assistant II,Sampaloc,781-581-9171
Larine Trewhela,ltrewhelar2@youku.com,Software Engineer I,Caloocan City,744-681-1856
Launce Cersey,lcerseygd@unicef.org,Financial Analyst,General Mariano Alvarez,808-597-5351
Laure Ridel,lridel9r@kickstarter.com,Operator,Caloocan City,334-447-0665
Laurice Locard,llocard3c@squidoo.com,Software Test Engineer II,Valenzuela,524-193-1611
Leanna Kunkler,lkunklerar@dagondesign.com,Geologist III,San Pedro,768-532-2396
Leland Lusty,llustyk0@amazonaws.com,Teacher,San Pedro,797-640-7297
Lenora Houlworth,lhoulworthpr@alibaba.com,Internal Auditor,Pasig City,""
Leoline Biddwell,lbiddwellav@ameblo.jp,Desktop Support Technician,San Isidro,430-508-0682
Leon Braisted,lbraistedhn@unesco.org,VP Marketing,Taguig City,""
Leonidas Donett,ldonett5i@vimeo.com,Librarian,Valenzuela,216-565-6058
Leonie Hilliam,lhilliamdj@w3.org,Structural Engineer,Canagatan,649-466-5241
Lesli Bansal,lbansalor@oaic.gov.au,Geological Engineer,Zamboanga City,627-326-9121
Lethia Stiegars,lstiegarsrh@jalbum.net,Tax Accountant,Sucat,""
Lian Cardow,lcardow31@yahoo.co.jp,Computer Systems Analyst III,Mandaluyong City,""
Lilas Waltho,lwalthoka@wired.com,Software Engineer IV,Tondo,739-559-7879
Liliane Farrah,lfarrah42@shop-pro.jp,Computer Systems Analyst III,San Juan,764-137-1467
Lincoln Waterhous,lwaterhous1j@samsung.com,Help Desk Technician,Pasay City,715-963-9747
Lionel Brock,lbrocki9@google.cn,Quality Engineer,Navotas,""
Lissie Wade,lwadeoh@examiner.com,Business Systems Development Analyst,Tatalon,151-687-9537
Lissy Torrent,ltorrentdb@hostgator.com,Media Manager I,Payatas,878-363-6656
Liuka Fogt,lfogt7l@economist.com,Biostatistician IV,Pateros,257-638-8159
Lulita Knee,lkneekn@auda.org.au,Senior Sales Associate,Tatalon,907-544-6316
Lurleen Barbe,lbarbedv@utexas.edu,Dental Hygienist,Valenzuela,833-683-0685
Lydie Python,lpython73@networksolutions.com,Design Engineer,Paco,368-878-4002
Lyssa De Hooge,ldehoogeqa@telegraph.co.uk,Help Desk Operator,Malate,733-304-5183
Malvin Melarkey,mmelarkeyc2@pbs.org,Graphic Designer,Tondo,552-485-3696
Mar Eckersley,meckersleyqe@go.com,Engineer I,Sucat,713-425-5552
Marcello Jackson,mjacksonmu@opera.com,VP Quality Control,Santa Ana,865-751-9664
Marcelo Stonebridge,mstonebridgei1@economist.com,Legal Assistant,Banco Filipino International Village,""
Marian Jilliss,mjillisshx@barnesandnoble.com,Administrative Assistant II,Poblacion,""
Marjie Shearer,mshearer1a@g.co,Computer Systems Analyst III,Navotas,826-998-2252
Marley Dugan,mduganh0@cdc.gov,Sales Associate,San Isidro,497-290-9147
Marlowe Stanbrooke,mstanbrookelg@slideshare.net,Sales Associate,Lower Bicutan,903-113-2862
Marney Settle,msettle7o@harvard.edu,Analyst Programmer,Paco,692-446-2086
Marshall Pressnell,mpressnellhg@geocities.jp,Quality Control Specialist,Pasay City,692-975-8671
Mart Alebrooke,malebrookenm@mysql.com,Administrative Assistant I,Santa Cruz,251-974-4996
Martica Berrygun,mberrygun1n@friendfeed.com,Operator,Payatas,638-349-7331
Marylinda Siviter,msivitere3@wordpress.org,VP Product Management,Pasay City,""
Matilda Leaman,mleamanbg@cpanel.net,Internal Auditor,San Juan,163-569-5014
Matthew Baker,mbakerau@apple.com,Financial Advisor,Tondo,""
Maxine Rabbatts,mrabbattsm9@de.vu,Executive Secretary,Paco,""
Meaghan Moyce,mmoyceoq@ehow.com,Senior Cost Accountant,Putatan,270-254-4010
Meggy Greatland,mgreatlandg8@ebay.com,Marketing Manager,Don Bosco,""
Melania Galbreath,mgalbreath3f@prnewswire.com,Software Engineer I,Valenzuela,308-650-7129
Melonie Bruhn,mbruhnjw@w3.org,Executive Secretary,Bacoor,552-241-8880
Mercie Leither,mleither4b@wunderground.com,Senior Sales Associate,Davao,734-958-2597
Merell Kennington,mkenningtoni4@springer.com,Administrative Officer,Quezon City,""
Merrielle Robken,mrobkenbt@gravatar.com,Director of Sales,Quezon City,832-937-5852
Micah Crinson,mcrinson8s@cbslocal.com,Compensation Analyst,Don Bosco,""
Michael Pencot,mpencotmz@ebay.co.uk,Product Engineer,Western Bicutan,374-170-3764
Millard Snare,msnaremd@nasa.gov,Administrative Assistant III,Malabon,748-318-4004
Milly Archibould,marchibouldnz@etsy.com,VP Marketing,Paco,765-418-2000
Mindy Gertz,mgertzr9@addthis.com,Recruiting Manager,Santa Cruz,260-725-2100
Minna Mitchelhill,mmitchelhill9@cisco.com,Health Coach I,San Andres,841-173-6102
Mirabella Tynan,mtynan5x@topsy.com,Account Coordinator,San Juan,""
Missy Pickett,mpickettkz@blogs.com,Sales Representative,Mandaluyong City,591-960-2296
Mitchel Georgeau,mgeorgeaudw@wsj.com,Sales Associate,Banco Filipino International Village,""
Mohammed Hobgen,mhobgenf5@marriott.com,Database Administrator III,Western Bicutan,""
Mortimer Inglish,minglish8@taobao.com,Account Representative III,Las Piñas City,""
Nana Gosnoll,ngosnoll6c@forbes.com,Speech Pathologist,Tondo,136-980-1901
Nance Temple,ntemple8b@mac.com,Technical Writer,Santamesa,420-788-8735
Nancy Frentz,nfrentz7y@netlog.com,Sales Representative,Putatan,""
Nannie Mathevon,nmathevon0@multiply.com,Nurse Practicioner,Malabon,899-122-5691
Natalee Pinkerton,npinkerton40@desdev.cn,VP Product Management,Santamesa,""
Nathalia Lambie,nlambie2a@intel.com,Technical Writer,Pateros,325-142-3799
Neddy Dougary,ndougary7j@home.pl,Physical Therapy Assistant,Las Piñas City,988-864-5826
Neddy Lorenzin,nlorenzinl0@paypal.com,Tax Accountant,General Mariano Alvarez,""
Nedi Bercevelo,nberceveloq9@vinaora.com,Statistician II,City of Parañaque,149-303-1743
Neille Gerssam,ngerssamom@sakura.ne.jp,Administrative Assistant IV,Navotas,""
Nertie Colliford,ncolliford6x@stanford.edu,Chief Design Engineer,San Isidro,113-482-7686
Nettle Hanshawe,nhanshawefh@loc.gov,Assistant Professor,Banco Filipino International Village,""
Nial Luce,nluceaf@utexas.edu,Occupational Therapist,Poblacion,""
Nicolette Kender,nkenderov@mediafire.com,Product Engineer,City of Parañaque,""
Nikki Cavilla,ncavilla9s@sina.com.cn,Marketing Assistant,Quezon City,""
Ninnette Hassan,nhassanlj@hc360.com,Analog Circuit Design manager,Pateros,956-696-3759
Noe Maysor,nmaysordh@webmd.com,Social Worker,Western Bicutan,""
Noella Radband,nradband4a@mapquest.com,Accounting Assistant I,Malabon,802-206-0077
Noland Offell,noffellab@jiathis.com,Developer I,Rosario,815-185-9163
Nonah Farr,nfarr9v@trellian.com,VP Product Management,Banco Filipino International Village,522-839-7743
Nonah Sauven,nsauvenjq@4shared.com,Electrical Engineer,Quezon City,204-903-0837
Norby Cotterel,ncotterelgx@desdev.cn,Quality Control Specialist,City of Parañaque,""
Norine Hembling,nhemblingox@nih.gov,Help Desk Technician,San Pedro,""
Norine Selly,nselly62@prweb.com,Automation Specialist II,San Andres,103-132-7806
Odele Aldersey,oalderseypi@topsy.com,Structural Analysis Engineer,General Mariano Alvarez,""
Odilia Lyste,olysterp@jalbum.net,Graphic Designer,San Juan,""
Olivie Van der Krui,ovanderkruigc@sakura.ne.jp,Environmental Specialist,Lower Bicutan,717-586-3552
Olivier Baldetti,obaldettian@bloglovin.com,Marketing Manager,San Juan,887-207-4954
Ophelia Bowater,obowater3@statcounter.com,Biostatistician II,Pateros,557-952-5971
Orelle McKeurton,omckeurtona8@networksolutions.com,Administrative Assistant II,Quezon City,""
Orlando Jaquin,ojaquincd@nyu.edu,Environmental Specialist,Pandacan,962-792-7927
Orton O' Reagan,ooreagan9x@upenn.edu,Project Manager,Quezon City,""
Oswald Bradd,obraddi6@si.edu,Occupational Therapist,Las Piñas City,""
Othelia Sinisbury,osinisburyqj@google.fr,Research Assistant II,Caloocan City,""
Othilia Smitheman,osmithemanci@posterous.com,Dental Hygienist,Valenzuela,289-360-7687
Ottilie Pengelly,opengellyjk@bigcartel.com,Payment Adjustment Coordinator,Malate,680-272-8607
Paco Eustes,peustes59@reverbnation.com,Chief Design Engineer,Don Bosco,""
Pamelina Poor,ppoor5l@slideshare.net,Pharmacist,Santamesa,593-910-6416
Parry Steers,psteersea@4shared.com,Software Consultant,Zamboanga City,""
Patrizia Duthy,pduthy3g@clickbank.net,Financial Advisor,Canagatan,190-936-1246
Pavla D'Oyly,pdoylyi3@ca.gov,Chief Design Engineer,Canagatan,478-347-3818
Pebrook Franceschino,pfranceschinoou@go.com,Nurse,San Pedro,""
Pen Gloucester,pgloucesterhs@cisco.com,Marketing Assistant,Tondo,195-384-5569
Pen Jeans,pjeans9q@ed.gov,Human Resources Assistant III,Taguig City,234-282-6678
Pepi Mary,pmary6f@uol.com.br,Account Executive,Don Bosco,114-631-2188
Peterus Jamblin,pjamblins@timesonline.co.uk,Biostatistician II,Putatan,861-195-3954
Phedra Klas,pklasmo@blogger.com,Software Engineer I,Malabon,802-891-2982
Philippine Wastell,pwastellrb@spiegel.de,Geologist II,Don Bosco,720-792-6043
Putnem Pinnick,ppinnick5f@wikimedia.org,Compensation Analyst,San Pedro,996-821-0778
Queenie Emsden,qemsdenjy@marriott.com,Developer I,San Juan,550-841-8850
Quent Dreamer,qdreamerhm@businessinsider.com,Quality Control Specialist,Pandacan,877-921-9584
Quincey Breckin,qbreckinlv@hc360.com,Librarian,Valenzuela,409-946-6200
Quinlan Crix,qcrixmk@google.pl,Chief Design Engineer,Bacoor,""
Rachel Tolchard,rtolchard1v@cnn.com,Software Engineer III,Malate,""
Rachelle Carrigan,rcarriganpm@merriam-webster.com,Professor,Pateros,""
Rachelle Pharo,rpharo9z@un.org,VP Accounting,Las Piñas City,303-328-3365
Rafaellle Legat,rlegatk7@cbsnews.com,VP Sales,Manila,572-974-1013
Ramsey Etoile,retoilen7@blogspot.com,Payment Adjustment Coordinator,San Pedro,""
Rasia Phelp,rphelp45@taobao.com,Mechanical Systems Engineer,Davao,856-700-5157
Reagen Hibbart,rhibbartr1@state.tx.us,Automation Specialist III,Pasig City,494-540-7224
Rebekah McConnachie,rmcconnachie6t@pinterest.com,Dental Hygienist,Taguig City,182-548-2543
Regan Hing,rhingjn@ca.gov,Human Resources Manager,Taguig City,845-961-2503
Reggy Clowsley,rclowsley5j@t.co,Budget/Accounting Analyst I,Banco Filipino International Village,966-233-4220
Reta Cristoforo,rcristoforoib@deviantart.com,Social Worker,Las Piñas City,987-741-2370
Rhianna Tomsa,rtomsalx@adobe.com,Analog Circuit Design manager,Pasig City,733-757-7729
Richy Kas,rkasq7@naver.com,Food Chemist,Malate,476-582-3519
Rickert Quarrell,rquarrelld2@unesco.org,Associate Professor,San Juan,560-515-2324
Ritchie Lilloe,rlilloehj@hexun.com,Software Test Engineer III,Payatas,820-277-0599
Robin Swyn,rswynow@marriott.com,Web Designer II,Rosario,596-584-9104
Robina Casely,rcaselynk@creativecommons.org,Account Executive,Manila,""
Rodina Darree,rdarreekp@auda.org.au,Software Engineer III,Bacoor,""
Rog Landall,rlandallbo@mit.edu,Clinical Specialist,Manila,831-526-6595
Rois Gerretsen,rgerretsenmh@home.pl,Social Worker,Sampaloc,""
Romain Frary,rfraryqx@slate.com,Office Assistant IV,Pasay City,""
Romola Beek,rbeeka6@theguardian.com,Actuary,Malate,""
Rosamond Dollman,rdollmangi@histats.com,Sales Representative,Caloocan City,921-821-8799
Rosana O'Glessane,roglessane5r@intel.com,Mechanical Systems Engineer,Quezon City,612-923-7273
Rozanna Basnett,rbasnetth6@example.com,Web Developer III,San Juan,550-367-2449
Rozella Duffin,rduffinck@multiply.com,Research Nurse,Bagong Silangan,697-733-0236
Ruben Mougeot,rmougeot5g@google.ru,Environmental Tech,Poblacion,433-940-7953
Rubetta Rudham,rrudham49@networkadvertising.org,Analog Circuit Design manager,Pateros,205-413-6934
Rubie Kilbourne,rkilbournef1@vimeo.com,VP Quality Control,Malate,""
Rubin Middlewick,rmiddlewickf0@blogs.com,Technical Writer,Poblacion,""
Russ Mateu,rmateun6@google.de,Financial Analyst,Putatan,""
Ruthi Trowsdall,rtrowsdallig@ycombinator.com,Project Manager,Rosario,""
Ryley Giocannoni,rgiocannoni5z@odnoklassniki.ru,Staff Accountant I,Valenzuela,907-396-7976
Sabrina Cregan,scregan29@geocities.jp,Chief Design Engineer,Las Piñas City,786-553-9856
Sandy Eaden,seaden3s@vimeo.com,Web Developer IV,Bagong Silangan,336-563-1254
Sara Tapson,stapson8n@squidoo.com,Physical Therapy Assistant,Taguig City,985-959-0890
Sarene Kirwan,skirwanbe@pagesperso-orange.fr,Senior Developer,Pateros,958-766-8293
Sarine Formby,sformby1p@businesswire.com,Programmer II,Santa Ana,508-490-4096
Sascha MacAleese,smacaleesehd@examiner.com,Geological Engineer,Quezon City,987-635-8055
Seana Craiker,scraikerl7@imgur.com,Systems Administrator III,Tatalon,513-830-8114
Seka Dearth,sdearthaq@php.net,Biostatistician III,Santa Cruz,""
Selby Roomes,sroomes9g@archive.org,Web Designer III,Santamesa,""
Selie Vickarman,svickarmanif@yellowpages.com,Compensation Analyst,Navotas,595-842-3051
Sephira Edgworth,sedgworth2c@answers.com,Teacher,Las Piñas City,308-174-6743
Shalna Caff,scaff8l@ucla.edu,Safety Technician II,Bagong Silangan,215-868-6198
Shandie Zanini,szaniniqw@who.int,Accounting Assistant II,General Mariano Alvarez,""
Shannah Proudlock,sproudlock6n@ebay.co.uk,Junior Executive,Malabon,""
Shannon Jochen,sjochenli@bbc.co.uk,Mechanical Systems Engineer,Mandaluyong City,217-376-8210
Shanon Durning,sdurning3t@blogs.com,VP Quality Control,Bacoor,""
Sharron Nilles,snilles92@cornell.edu,Database Administrator IV,Valenzuela,469-655-1050
Shawnee Temby,stembykr@soundcloud.com,Editor,Poblacion,210-372-5700
Shayne Hackworth,shackworth7e@pcworld.com,Senior Cost Accountant,Malabon,""
Shelba Nottram,snottram46@prnewswire.com,Account Coordinator,San Pedro,""
Shelbi Yankin,syankineg@state.gov,Recruiting Manager,Poblacion,""
Shell Stainer,sstainer1k@opera.com,VP Marketing,Canagatan,""
Shepherd Dahlberg,sdahlberg2y@nymag.com,Operator,Las Piñas City,936-489-9555
Shirlene Grigoryev,sgrigoryevcm@nytimes.com,Programmer I,Paco,130-383-8139
Sibley Hinchon,shinchoncw@domainmarket.com,Food Chemist,Malate,731-911-5547
Simmonds Kleisel,skleisel3x@slate.com,Internal Auditor,San Pedro,192-129-7063
Simonne Domegan,sdomegandl@google.it,Technical Writer,Western Bicutan,241-909-6298
Siobhan Ney,sneyca@dagondesign.com,Account Representative III,Canagatan,156-257-4553
Siouxie Crolla,scrollaed@mit.edu,Help Desk Operator,San Andres,""
Sisely O' Timony,sotimonyfe@google.nl,Office Assistant II,Banco Filipino International Village,""
Sky Eaves,seaves16@wisc.edu,Senior Developer,Lower Bicutan,""
Skylar Curnnokk,scurnnokkfb@shop-pro.jp,Marketing Manager,Pandacan,""
Skylar Rohlf,srohlf2i@printfriendly.com,VP Accounting,Davao,""
Sly Suero,ssueroje@amazonaws.com,General Manager,Mandaluyong City,606-760-2097
Sonnie Confait,sconfaitqb@marketwatch.com,Teacher,Davao,852-822-7255
Sophia Lathwell,slathwellnu@chicagotribune.com,Assistant Manager,City of Parañaque,553-460-4919
Stacey Faircliff,sfaircliffml@deviantart.com,Software Engineer I,Sampaloc,""
Stevy Davet,sdavetqp@parallels.com,Senior Editor,Santamesa,426-841-1848
Stirling Wyd,swydh9@geocities.com,VP Accounting,Lower Bicutan,""
Suki Tann,stannk3@issuu.com,Editor,Canagatan,671-725-9806
Susan Gotter,sgottern0@omniture.com,Physical Therapy Assistant,Sampaloc,""
Sutherland Sterndale,ssterndaleam@marketwatch.com,Administrative Assistant III,Las Piñas City,676-399-7454
Svend Claybourne,sclaybourne48@a8.net,Staff Accountant I,Valenzuela,931-706-5187
Sybil Torrisi,storrisi7f@squidoo.com,Quality Engineer,Mandaluyong City,""
Tabina Lilley,tlilleyn3@theguardian.com,Associate Professor,San Antonio,620-794-9888
Tammie Hatcher,thatcheroo@com.com,Executive Secretary,Santa Ana,892-739-9146
Tedda Tugman,ttugmand9@printfriendly.com,Automation Specialist IV,Paco,""
Teresita Ducastel,tducastelcu@biglobe.ne.jp,Editor,Payatas,409-717-4078
Teriann Pirazzi,tpirazzifd@rakuten.co.jp,Senior Quality Engineer,San Andres,523-130-9667
Thea Chesterton,tchestertonp3@sun.com,Automation Specialist III,Malabon,936-708-1657
Theodosia Hubbocks,thubbockso7@yahoo.com,Structural Engineer,Payatas,540-400-4203
Therese Kill,tkill2@archive.org,Senior Quality Engineer,San Antonio,380-829-8889
Theresita Fritchly,tfritchlyna@biglobe.ne.jp,Editor,Putatan,""
Therine Umfrey,tumfreyj1@printfriendly.com,Executive Secretary,Zamboanga City,""
Thibaud Toghill,ttoghill4r@cafepress.com,Cost Accountant,Sucat,""
Thorstein Douce,tdoucehe@tuttocitta.it,Cost Accountant,Caloocan City,""
Tish Bascomb,tbascomb7m@ox.ac.uk,Statistician III,Santamesa,""
Tomi Ferron,tferronh5@webeden.co.uk,Junior Executive,Tondo,""
Tomi Mitchelmore,tmitchelmoreic@mapy.cz,Mechanical Systems Engineer,Pasig City,""
Tootsie Copland,tcoplandg4@drupal.org,Web Developer IV,Lower Bicutan,""
Trenton Blance,tblancehc@msn.com,Assistant Professor,Pasig City,508-880-1575
Trever Osgodby,tosgodbypv@dagondesign.com,Nuclear Power Engineer,San Pedro,""
Trudi Van Salzberger,tvansalzbergern4@blogs.com,Quality Engineer,Santa Cruz,""
Tye Twigge,ttwigge9f@netscape.com,Research Associate,Zamboanga City,""
Udell Feldberg,ufeldberg6y@arstechnica.com,Programmer Analyst III,Tondo,120-157-3487
Ulises Iorillo,uiorilloq4@hibu.com,Paralegal,Las Piñas City,924-517-7894
Urbain Lever,ulever69@sitemeter.com,Professor,Caloocan City,353-558-6297
Ursa Birtley,ubirtley87@engadget.com,VP Product Management,Malate,169-705-7580
Valaree Spavon,vspavonz@biglobe.ne.jp,Assistant Manager,Putatan,949-854-6987
Vasily Allderidge,vallderidgemi@npr.org,GIS Technical Architect,Putatan,""
Vasily Farmery,vfarmeryn9@mozilla.com,Structural Analysis Engineer,Davao,948-546-3826
Vera Base,vbasenq@geocities.jp,Safety Technician IV,Pateros,""
Verine Teese,vteese20@naver.com,Engineer II,Caloocan City,985-137-2434
Verine Wainman,vwainmannb@bing.com,Research Nurse,Taguig City,155-398-3297
Veronika Bouldon,vbouldonr4@4shared.com,Software Engineer IV,Poblacion,547-798-5855
Vevay Baltrushaitis,vbaltrushaitisgk@washingtonpost.com,Health Coach IV,Putatan,""
Vicky McCritichie,vmccritichie8k@themeforest.net,Editor,San Antonio,228-199-8415
Vinita Tomblett,vtomblett2u@ameblo.jp,Project Manager,Valenzuela,214-533-9715
Viv Adlam,vadlamek@yale.edu,Budget/Accounting Analyst II,Pasay City,""
Warner Craxford,wcraxfordel@gnu.org,Civil Engineer,Davao,""
Webb Worthington,wworthingtonf6@paginegialle.it,Junior Executive,Sucat,116-245-8584
Wenonah Cohr,wcohr83@ucoz.ru,Analog Circuit Design manager,Putatan,530-757-1468
West Castellanos,wcastellanos8u@soup.io,Research Associate,Paco,""
Westley Dudgeon,wdudgeonbu@mozilla.com,Electrical Engineer,Pasay City,""
Wilhelm Lackie,wlackienr@unesco.org,Professor,Tondo,928-792-2541
Wilhelmina Mateiko,wmateiko12@icio.us,Computer Systems Analyst I,Mandaluyong City,365-219-4033
Wini Frie,wfriepz@youtu.be,Database Administrator IV,Santa Ana,464-147-0034
Winni Bruneton,wbrunetonee@123-reg.co.uk,Statistician IV,Bagong Silangan,289-664-6417
Wynnie Mackleden,wmackleden60@myspace.com,Research Assistant II,Bagong Silangan,525-377-4409
Xenos Axelbee,xaxelbeed8@redcross.org,Human Resources Manager,Don Bosco,""
Xerxes MacTerlagh,xmacterlaghb5@yellowpages.com,Marketing Assistant,San Antonio,""
Yalonda Leglise,yleglise3v@google.it,Software Engineer II,Lower Bicutan,679-190-1260
Ynes Engeham,yengehamio@senate.gov,Assistant Manager,Rosario,712-101-8818
Yorgo Langcaster,ylangcastergf@usda.gov,Data Coordinator,Mandaluyong City,989-732-9572
Yuma Shingfield,yshingfieldcx@nba.com,Actuary,San Pedro,363-787-5380
Zach McCrea,zmccreabz@nhs.uk,Legal Assistant,San Isidro,919-819-1433
Zara Born,zbornis@tinyurl.com,Project Manager,Las Piñas City,""
Zebadiah Pounder,zpounderj3@illinois.edu,Project Manager,Davao,338-994-5118
Zelig Cramb,zcrambao@merriam-webster.com,Programmer Analyst IV,Bagong Silangan,""
Zena Olivo,zolivop4@reference.com,Chief Design Engineer,Lower Bicutan,""
Zondra Adkins,zadkinsaa@cam.ac.uk,Assistant Media Planner,Bacoor,212-166-1992
